<atlassian-plugin key="${atlassian.plugin.key}" name="${project.name}" plugins-version="2">
    <plugin-info>
        <description>${project.description}</description>
        <version>${project.version}</version>
        <vendor name="${project.organization.name}" url="${project.organization.url}" />
        <param name="plugin-icon">images/pluginIcon.png</param>
        <param name="plugin-logo">images/pluginLogo.png</param>
    </plugin-info>

    <!-- add our i18n resource -->
    <resource type="i18n" name="i18n" location="weekly-report2"/>
    
    <!-- add our web resources -->
    <web-resource key="weekly-report2-resources" name="weekly-report2 Web Resources">
        <dependency>com.atlassian.auiplugin:ajs</dependency>
        
        <resource type="download" name="weekly-report2.css" location="/css/weekly-report2.css"/>
        <resource type="download" name="weekly-report2.js" location="/js/weekly-report2.js"/>
        <resource type="download" name="images/" location="/images"/>

        <context>weekly-report2</context>
    </web-resource>
    
</atlassian-plugin>